id,phrase,date
2,глубинный вибратор для бетона,24-08-2023
4,высокочастотный глубинный вибратор,24-08-2023
5,глубинный вибратор для бетона на перфоратор,24-08-2023
11,глубинный вибратор для бетона на дрель насадка,24-08-2023
13,глубинный вибратор для уплотнения бетона,24-08-2023
21,глубинный вибратор красный маяк,24-08-2023
23,насадка на дрель глубинный вибратор,24-08-2023
25,глубинный вибратор из перфоратора,24-08-2023
29,импульсный глубинный вибратор,24-08-2023
30,глубинный вибратор бетона,24-08-2023
31,глубинный вибратор для бетона на дрель,24-08-2023
34,глубинный вибратор промышленник эп1400,24-08-2023
39,глубинный вибратор ив,24-08-2023
40,глубинный вибратор wacker,24-08-2023
41,глубинный вибратор для бетона насадка на перфоратор,24-08-2023
42,глубинный вибратор вакер нейсон 220 вольт,24-08-2023
44,ручной глубинный вибратор,24-08-2023
45,насадка на перфоратор глубинный вибратор,24-08-2023
48,глубинный вибратор эп 2200,24-08-2023
49,глубинный вибратор для перфоратора,24-08-2023
51,глубинный вибратор эп 1400,24-08-2023
52,ручной глубинный вибратор для бетона,24-08-2023
54,глубинный вибратор ив 66,24-08-2023
55,глубинный вибратор высокочастотный по бетону,24-08-2023
56,глубинный вибратор ив 117а,24-08-2023
59,глубинный вибратор wacker neuson,24-08-2023
62,глубинный вибратор для бетона zitrek,24-08-2023
65,глубинный вибратор в аренду,24-08-2023
66,электрический глубинный вибратор,24-08-2023
68,глубинный вибратор для бетона patriot cv 100,24-08-2023
72,глубинный вибратор высокочастотный,24-08-2023
76,глубинный вибратор zitrek,24-08-2023
77,глубинный вибратор для бетона красный маяк,24-08-2023
78,глубинный вибратор grost,24-08-2023
79,портативный глубинный вибратор,24-08-2023
84,двигатель на глубинный вибратор,24-08-2023
85,глубинный вибратор тсс,24-08-2023
86,глубинный вибратор пит,24-08-2023
87,глубинный вибратор для заливки бетона,24-08-2023
89,глубинный вибратор с булавой,24-08-2023
90,глубинный вибратор sturm cv71101,24-08-2023
92,глубинный вибратор красный,24-08-2023
93,глубинный вибратор применение,24-08-2023
94,глубинный вибратор для бетона принцип работы,24-08-2023
96,глубинный вибратор паспорт,24-08-2023
100,глубинный вибратор 6м,24-08-2023
101,глубинный вибратор пневматический,24-08-2023
102,глубинный вибратор или виброрейка,24-08-2023
103,глубинный вибратор в леруа мерлен,24-08-2023
105,глубинный вибратор avmu,24-08-2023
106,глубинный вибратор 5м,24-08-2023
109,глубинный вибратор для бетонных работ,24-08-2023
111,глубинный вибратор ручной,24-08-2023
112,глубинный вибратор ив 78,24-08-2023
117,глубинный вибратор для бетона насадка на дрель,24-08-2023
119,глубинный вибратор насадка,24-08-2023
121,глубинный вибратор маяк,24-08-2023
122,глубинный вибратор dingo,24-08-2023
125,глубинный вибратор калибр 1500,24-08-2023
131,глубинный вибратор мощность,24-08-2023
132,глубинный вибратор grost vgp 800,24-08-2023
133,глубинный вибратор размеры,24-08-2023
134,глубинный вибратор ручной для бетона,24-08-2023
135,глубинный вибратор по бетону,24-08-2023
136,глубинный вибратор для бетона аккумуляторный,24-08-2023
137,глубинный вибратор штурм,24-08-2023
139,глубинный вибратор динго,24-08-2023
140,глубинный вибратор механический,24-08-2023
142,глубинный вибратор булава,24-08-2023
143,глубинный вибратор гибкий вал,24-08-2023
146,глубинный вибратор для бетона леруа мерлен,24-08-2023
151,глубинный вибратор на дрель,24-08-2023
152,глубинный вибратор дрель,24-08-2023
153,глубинный вибратор 42в,24-08-2023
154,глубинный вибратор ив 75,24-08-2023
158,глубинный вибратор вибромаш,24-08-2023
159,глубинный вибратор для бетона маяк,24-08-2023
160,глубинный вибратор калибр,24-08-2023
164,глубинный вибратор для дрели,24-08-2023
165,глубинный вибратор взять в аренду,24-08-2023
167,глубинный вибратор для бетона портативный,24-08-2023
168,глубинный вибратор enar,24-08-2023
170,глубинный вибратор 220в,24-08-2023
172,глубинный вибратор elitech вэ 2050,24-08-2023
178,глубинный вибратор 220 вольт,24-08-2023
179,глубинный вибратор ив 117,24-08-2023
180,глубинный вибратор впк,24-08-2023
182,глубинный вибратор ваккер,24-08-2023
183,глубинный вибратор на 220,24-08-2023
184,глубинный вибратор для бетона ручной,24-08-2023
185,глубинный вибратор насадка на дрель для бетона,24-08-2023
187,глубинный вибратор для бетона на 220,24-08-2023
188,глубинный вибратор интерскол,24-08-2023
190,глубинный вибратор с гибким валом для бетона,24-08-2023
192,глубинный вибратор с гибким валом,24-08-2023
193,глубинный вибратор высокочастотный vpk,24-08-2023
196,глубинный вибратор dde vd 850z,24-08-2023
198,глубинный вибратор эп1400,24-08-2023
199,глубинный вибратор для бетона насадка,24-08-2023
201,глубинный вибратор промышленный,24-08-2023
202,глубинный вибратор импульсный,24-08-2023
203,глубинный вибратор характеристики,24-08-2023
204,глубинный вибратор бетон,24-08-2023
205,глубинный вибратор вакер нейсон,24-08-2023
206,глубинный вибратор для бетона enar,24-08-2023
208,глубинный вибратор назначение,24-08-2023
211,глубинный вибраторы для бетона,24-08-2023
212,глубинный вибратор радиус действия,24-08-2023
214,глубинный вибратор электрический,24-08-2023
215,глубинный вибратор 42 вольта,24-08-2023
216,глубинный вибратор выбрать,24-08-2023
217,глубинный вибратор марка,24-08-2023
219,глубинный вибратор портативный,24-08-2023
221,глубинный вибратор технические характеристики,24-08-2023
223,глубинный вибратор для бетона в аренду,24-08-2023
224,глубинный вибратор бензиновый,24-08-2023
225,глубинный вибратор vpk 50,24-08-2023
227,глубинный вибратор эп 210,24-08-2023
228,глубинный вибратор насадка на перфоратор,24-08-2023
230,глубинный вибратор бу,24-08-2023
233,глубинный вибратор насадка на дрель,24-08-2023
234,глубинный вибратор для бетона характеристики,24-08-2023
235,глубинный вибратор бетонный,24-08-2023
236,глубинный вибратор masalta,24-08-2023
237,глубинный вибратор 25мм,24-08-2023
239,глубинный вибратор аккумуляторный,24-08-2023
241,глубинный вибратор champion ecv550,24-08-2023
242,глубинный вибратор pit,24-08-2023
248,глубинный вибратор эп220 гв224551,24-08-2023
251,глубинный вибратор для бетона высокочастотный,24-08-2023
252,глубинный вибратор ив 116а,24-08-2023
255,глубинный вибратор энар,24-08-2023
257,глубинный вибратор калибр вэр 750,24-08-2023
260,глубинный вибратор vpk,24-08-2023
263,глубинный вибратор enar avmu,24-08-2023
264,глубинный вибратор и 18,24-08-2023
265,глубинный вибратор для бетона 220в,24-08-2023
270,глубинный вибратор vektor,24-08-2023
272,глубинный вибратор elitech,24-08-2023
274,гибкий вал для глубинный вибратор для бетона,24-08-2023
275,гибкий вал для глубинный вибратор,24-08-2023
277,высокочастотный глубинный вибратор vpk,24-08-2023
278,высокочастотный глубинный вибратор vpk 50t,24-08-2023
279,высокочастотный глубинный вибратор для бетона,24-08-2023
280,выбираем глубинный вибратор,24-08-2023
282,впк глубинный вибратор,24-08-2023
284,виброрейка или глубинный вибратор,24-08-2023
285,вибромаш глубинный вибратор,24-08-2023
286,булава на глубинный вибратор,24-08-2023
287,бетонный глубинный вибратор,24-08-2023
288,бетон глубинный вибратор,24-08-2023
289,бензиновый глубинный вибратор,24-08-2023
291,zitrek глубинный вибратор,24-08-2023
293,wacker neuson глубинный вибратор,24-08-2023
294,team глубинный вибратор для бетона эп 1400,24-08-2023
295,эп 1400 глубинный вибратор,24-08-2023
296,промышленник глубинный вибратор,24-08-2023
300,погружной глубинный вибратор,24-08-2023
301,пневматический глубинный вибратор,24-08-2023
302,площадочный глубинный вибратор,24-08-2023
303,паспорт на глубинный вибратор,24-08-2023
304,насадка на дрель глубинный вибратор для бетона,24-08-2023
305,насадка на глубинный вибратор,24-08-2023
306,насадка на глубинный вибратор для бетона,24-08-2023
307,насадка глубинный вибратор для бетона,24-08-2023
308,насадка глубинный вибратор,24-08-2023
309,насадка глубинный вибратор на дрель,24-08-2023
310,наконечник на глубинный вибратор,24-08-2023
311,навесной глубинный вибратор,24-08-2023
324,красный маяк глубинный вибратор для бетона,24-08-2023
325,красный маяк глубинный вибратор,24-08-2023
326,калибр глубинный вибратор,24-08-2023
340,электрический глубинный вибратор electrolite вб 1400,24-08-2023
344,шланг на глубинный вибратор,24-08-2023
346,энергомаш глубинный вибратор,24-08-2023
347,электрический глубинный вибратор для бетона,24-08-2023
348,эп 2200 глубинный вибратор,24-08-2023
349,тсс глубинный вибратор,24-08-2023
355,бензиновая виброплита lifan pvb60,24-08-2023
357,бензиновая виброплита champion pc1645rh,24-08-2023
360,бензиновая виброплита champion pc9045f,24-08-2023
361,бензиновая виброплита champion pc1151ft,24-08-2023
364,бензиновая виброплита сплитстоун vs 244,24-08-2023
366,бензиновая виброплита champion pc9750ft,24-08-2023
367,бензиновая виброплита zitrek,24-08-2023
368,бензиновая виброплита champion pc1050ft,24-08-2023
369,бензиновая виброплита lifan pvb90,24-08-2023
372,бензиновая виброплита tss vp80tl,24-08-2023
376,бензиновая виброплита champion pc9045fh,24-08-2023
380,бензиновая виброплита wacker neuson,24-08-2023
381,бензиновая виброплита wacker neuson mp15 ce,24-08-2023
382,бензиновая виброплита champion,24-08-2023
383,бензиновая виброплита husqvarna,24-08-2023
384,бензиновая виброплита champion pc8742f,24-08-2023
385,бензиновая виброплита wacker neuson vp 1550aw,24-08-2023
388,бензиновая виброплита 100 кг,24-08-2023
391,бензиновая виброплита в аренду,24-08-2023
392,бензиновая виброплита окоф,24-08-2023
393,трамбовка бензиновая виброплита,24-08-2023
394,elitech бензиновая виброплита пвт 120бвл,24-08-2023
395,виброкаток для уплотнения грунта,24-08-2023
399,виброкаток 16 т,24-08-2023
400,виброкаток для асфальта,24-08-2023
401,виброкаток для уплотнения грунта характеристики,24-08-2023
402,ручной виброкаток для асфальта,24-08-2023
407,vrdr 600 виброкаток двухвальцовый,24-08-2023
409,виброкаток в аренду,24-08-2023
410,ручной виброкаток для уплотнения грунта,24-08-2023
412,виброкаток ду 85,24-08-2023
413,виброкаток ручной двухвальцовый,24-08-2023
414,виброкаток двухвальцовый vektor vrdr 600,24-08-2023
415,виброкаток для уплотнения,24-08-2023
418,двухвальцовый виброкаток ручной,24-08-2023
419,двухвальцовый ручной виброкаток,24-08-2023
421,виброплита или виброкаток,24-08-2023
424,виброкаток wacker neuson,24-08-2023
426,виброкаток дорожный характеристики,24-08-2023
427,виброкаток или виброплита,24-08-2023
428,виброкаток для уплотнения грунта ручной,24-08-2023
431,виброкаток 2 2 т,24-08-2023
432,виброкаток для грунта,24-08-2023
433,виброкаток ручной в аренду,24-08-2023
436,виброкаток на экскаватор,24-08-2023
439,виброкаток двухвальцовый vrdr 600,24-08-2023
442,виброкаток для уплотнения щебня,24-08-2023
445,взять виброкаток в аренду,24-08-2023
446,взять в аренду виброкаток,24-08-2023
452,ручной двухвальцовый виброкаток,24-08-2023
453,ручной виброкаток двухвальцовый,24-08-2023
456,права на виброкаток,24-08-2023
461,каток и виброкаток,24-08-2023
463,траншейный виброкаток wacker,24-08-2023
466,траншейный виброкаток в аренду,24-08-2023
468,виброрейка для бетона,24-08-2023
470,виброрейка для стяжки пола,24-08-2023
471,виброрейка для укладки бетона,24-08-2023
475,плавающая виброрейка для бетона,24-08-2023
477,виброрейка для бетона бензиновая,24-08-2023
481,виброрейка для бетона электрическая,24-08-2023
483,виброрейка в аренду,24-08-2023
486,виброрейка по бетону,24-08-2023
487,виброрейка для стяжки,24-08-2023
490,виброрейка красный маяк,24-08-2023
491,виброрейка из глубинного вибратора,24-08-2023
492,виброрейка для бетона в аренду,24-08-2023
493,виброрейка электрическая 220в,24-08-2023
494,виброрейка красный маяк эв 270а,24-08-2023
497,виброрейка плавающая бензиновая,24-08-2023
499,виброрейка для бетона бензиновая плавающая,24-08-2023
501,виброрейка для полусухой стяжки,24-08-2023
502,виброрейка mcd 4,24-08-2023
503,виброрейка эв 270а,24-08-2023
504,вт 90 виброрейка,24-08-2023
510,виброрейка вт 90,24-08-2023
511,виброрейка 4 метра,24-08-2023
514,виброрейка бензиновая tss vth 1 2,24-08-2023
515,виброрейка плавающая для бетона,24-08-2023
518,виброрейка из шлифмашинки,24-08-2023
519,виброрейка в аренду москва,24-08-2023
530,виброрейка взять в аренду,24-08-2023
534,виброрейка redverg rd sf1100,24-08-2023
537,для бетона виброрейка,24-08-2023
538,виброрейка бензиновая honda,24-08-2023
544,виброрейка stroke 4,24-08-2023
545,виброрейка из правила,24-08-2023
549,виброрейка из перфоратора,24-08-2023
552,виброрейка плавающая электрическая,24-08-2023
558,виброрейка в работе,24-08-2023
564,виброрейка для бетона плавающая,24-08-2023
566,виброрейка бензиновая плавающая,24-08-2023
568,виброрейка из вибратора,24-08-2023
569,виброрейка принцип работы,24-08-2023
570,виброрейка с бензиновым двигателем,24-08-2023
576,виброрейка wacker neuson,24-08-2023
577,виброрейка тсс бензиновая,24-08-2023
578,виброрейка 220 вольт,24-08-2023
579,виброрейка 2 метра,24-08-2023
585,виброрейка по маякам,24-08-2023
586,виброрейка 4 м,24-08-2023
593,виброрейка для заливки бетона,24-08-2023
595,виброрейка эв 270а красный маяк,24-08-2023
599,виброрейка для бетона в аренду москва,24-08-2023
604,виброрейка для перфоратора,24-08-2023
606,виброрейка 1 метр,24-08-2023
608,виброрейка 4 stroke,24-08-2023
609,виброрейка для бетона по маякам,24-08-2023
612,виброрейка бензиновая для бетона,24-08-2023
613,виброрейка электрическая для бетона,24-08-2023
617,виброрейка вр 2 220в,24-08-2023
618,бензиновая виброрейка для бетона,24-08-2023
619,бензиновая виброрейка в аренду,24-08-2023
621,stroke 4 виброрейка,24-08-2023
623,плавающая виброрейка впт 2,24-08-2023
624,наливной пол виброрейка,24-08-2023
626,красный маяк виброрейка,24-08-2023
632,электро виброрейка для бетона,24-08-2023
633,тсс виброрейка телескопическая вр 2 5 4 5,24-08-2023
635,электрическая виброрейка для бетона,24-08-2023
644,вибротрамбовка бензиновая tss rm75l,24-08-2023
645,вибротрамбовка в аренду,24-08-2023
647,вибротрамбовка champion tr72,24-08-2023
648,вибротрамбовка для уплотнения грунта,24-08-2023
649,виброплита или вибротрамбовка,24-08-2023
650,vrg 80l вибротрамбовка двигатель loncin 168 2h,24-08-2023
652,вибротрамбовка для бетона,24-08-2023
653,вибротрамбовка бензиновая champion tr 72,24-08-2023
655,вибротрамбовка на экскаватор,24-08-2023
657,вибротрамбовка wacker neuson,24-08-2023
658,вибротрамбовка тсс rm75l бензиновая,24-08-2023
659,уплотнение грунта вибротрамбовками,24-08-2023
660,вибротрамбовка для плитки,24-08-2023
661,вибротрамбовка grost tr 80hc,24-08-2023
662,вибротрамбовка tr72 champion,24-08-2023
664,вибротрамбовка для песка,24-08-2023
665,вибротрамбовка masalta mr68h,24-08-2023
667,вибротрамбовка redverg rd tr14,24-08-2023
669,вибротрамбовка wacker neuson bs 60 2i,24-08-2023
670,champion вибротрамбовка tr72,24-08-2023
673,вибротрамбовка в аренду в спб,24-08-2023
674,вибротрамбовка lifan sr75,24-08-2023
676,вибротрамбовка тсс rm75l,24-08-2023
679,вибротрамбовка bomag bt 65,24-08-2023
680,wacker neuson вибротрамбовка,24-08-2023
681,bs 50 2i вибротрамбовка,24-08-2023
682,вибротрамбовка wacker neuson bs 50 2i,24-08-2023
683,вибротрамбовка электрическая tss hcd90b,24-08-2023
685,вибротрамбовка на экскаватор погрузчик,24-08-2023
688,вибротрамбовка firman ftr80lc,24-08-2023
689,вибротрамбовка tss rm75l,24-08-2023
690,вибротрамбовка шлеп нога,24-08-2023
691,tss rm75h вибротрамбовка бензиновая,24-08-2023
692,вибротрамбовка для экскаватора,24-08-2023
693,уплотнение вибротрамбовками расценка в смете,24-08-2023
694,уплотнение грунта вибротрамбовками расценка в смете,24-08-2023
695,вибротрамбовка zitrek cncj 80 k 5,24-08-2023
696,вибротрамбовка вт 80,24-08-2023
697,вибротрамбовка ftl tr 75,24-08-2023
698,вибротрамбовка бензиновая tss rm75h,24-08-2023
699,вибротрамбовка vektor vrg 80,24-08-2023
700,вибротрамбовка электрическая 220в,24-08-2023
702,вибротрамбовка champion tr 72,24-08-2023
704,вт 80 вибротрамбовка,24-08-2023
706,вибротрамбовка ус к45,24-08-2023
707,вибротрамбовка 70 кг,24-08-2023
710,вибротрамбовка электрическая ручная,24-08-2023
711,вибротрамбовка atlas copco,24-08-2023
712,вибротрамбовка для щебня,24-08-2023
713,вибротрамбовка wacker bs 50 2i,24-08-2023
714,вибротрамбовка для уплотнения грунта в аренду,24-08-2023
715,вибротрамбовка для асфальта,24-08-2023
716,вибротрамбовка для уплотнения,24-08-2023
719,вибротрамбовка masalta emr70h,24-08-2023
721,вибротрамбовка бензиновая tss rm75l 207501,24-08-2023
722,вибротрамбовка tss rm75h,24-08-2023
724,вибротрамбовка бензиновая тсс,24-08-2023
726,вибротрамбовка masalta mr75r,24-08-2023
727,вибротрамбовка vrg 80,24-08-2023
729,вибротрамбовка амман acr 60,24-08-2023
733,вибротрамбовка bt 65,24-08-2023
734,вибротрамбовка в аренду минск,24-08-2023
735,вибротрамбовка vektor vrg 90e,24-08-2023
737,вибротрамбовка уровень шума,24-08-2023
738,вибротрамбовка глубина уплотнения,24-08-2023
741,вибротрамбовка бензиновая champion tr72,24-08-2023
742,вибротрамбовка расход топлива,24-08-2023
743,вибротрамбовка расценка в смете,24-08-2023
744,вибротрамбовка vector vrg 80,24-08-2023
745,вибротрамбовка в аренду москва,24-08-2023
747,вибротрамбовка bs 50 2i,24-08-2023
749,вибротрамбовка ручная электрическая,24-08-2023
751,вибротрамбовка или виброплита,24-08-2023
753,вибротрамбовка гидравлическая для экскаватора,24-08-2023
755,вибротрамбовка бензиновая характеристики,24-08-2023
759,вибротрамбовка honda gx 160,24-08-2023
760,вибротрамбовка бензиновая wacker neuson,24-08-2023
763,вибротрамбовка принцип работы,24-08-2023
764,вибротрамбовка giks rm80h,24-08-2023
765,вибротрамбовка для грунта,24-08-2023
768,вибротрамбовка tss rm80h,24-08-2023
769,вибротрамбовка ammann acr 68,24-08-2023
771,бензиновая вибротрамбовка характеристики,24-08-2023
772,бензиновая вибротрамбовка тсс tss rm75l 207501,24-08-2023
778,vrg 80 вибротрамбовка,24-08-2023
779,tr72 champion вибротрамбовка,24-08-2023
780,tamping rammer вибротрамбовка,24-08-2023
781,lifan sr75 вибротрамбовка,24-08-2023
783,champion tr72 вибротрамбовка,24-08-2023
784,ручная вибротрамбовка для уплотнения грунта,24-08-2023
785,ручная вибротрамбовка для уплотнения,24-08-2023
786,расценка на уплотнение вибротрамбовками,24-08-2023
787,расценка на уплотнение грунта вибротрамбовками,24-08-2023
788,расход топлива вибротрамбовка,24-08-2023
792,иэ 4502а вибротрамбовка,24-08-2023
794,шлеп нога вибротрамбовка,24-08-2023
795,уплотнение вибротрамбовками расценка,24-08-2023
797,тсс rm80h вибротрамбовка,24-08-2023
798,уплотнение грунта вибротрамбовками смета,24-08-2023
802,тсс вибротрамбовка бензиновая tss rm75h 207500,24-08-2023
803,уплотнение грунта вибротрамбовками расценка,24-08-2023
804,уплотнение ручными вибротрамбовками,24-08-2023
805,уплотнение щебня вибротрамбовками,24-08-2023
817,вибробулава для бетона,24-08-2023
819,вибробулава wacker neuson,24-08-2023
820,вибробулава для дрели,24-08-2023
824,виброплита бензиновая champion pc9045f,24-08-2023
826,виброплита бензиновая champion,24-08-2023
832,виброплита бензиновая сплитстоун,24-08-2023
833,виброплита бензиновая wacker,24-08-2023
835,виброплита бензиновая кратон kr pc87,24-08-2023
837,виброплита бензиновая champion pc1050ft,24-08-2023
838,виброплита бензиновая в аренду,24-08-2023
840,champion виброплита бензиновая pc8742f,24-08-2023
842,виброплита бензиновая champion pc9750ft,24-08-2023
843,виброплита бензиновая champion pc9045fh,24-08-2023
844,асфальт 15 виброплита бензиновая 15 кн зубр,24-08-2023
846,виброплита бензиновая для асфальта,24-08-2023
849,виброплита бензиновая зубр,24-08-2023
853,виброплита бензиновая хонда,24-08-2023
859,виброплита бензиновая champion pc1151ft,24-08-2023
862,зубр виброплита бензиновая,24-08-2023
864,виброплита бензиновая вес,24-08-2023
866,виброплита бензиновая lifan,24-08-2023
867,виброплита бензиновая тсс,24-08-2023
868,виброплита бензиновая с двигателем хонда,24-08-2023
869,виброплита бензиновая 100кг,24-08-2023
870,виброплита бензиновая леруа мерлен,24-08-2023
872,виброплита бензиновая 60кг,24-08-2023
878,виброплита бензиновая champion hc 1151ft,24-08-2023
881,виброплита бензиновая champion pc1645rh,24-08-2023
882,виброплита бензиновая pc 60,24-08-2023
884,виброплита бензиновая не заводится причины,24-08-2023
888,виброплита бензиновая brait pc 90,24-08-2023
889,виброплита бензиновая tss vp80tl,24-08-2023
890,виброплита бензиновая champion pc8742f,24-08-2023
891,виброплита бензиновая 120 кг,24-08-2023
893,виброплита бензиновая калибр,24-08-2023
894,лучшая виброплита бензиновая,24-08-2023
896,грунт 10 виброплита бензиновая 10 кн зубр,24-08-2023
897,виброплита бензиновая tss vp80th колесный комплект бак,24-08-2023
898,виброплита бензиновая сплитстоун vs 244,24-08-2023
899,champion виброплита бензиновая pc1645rh,24-08-2023
903,виброплита бензиновая zitrek,24-08-2023
911,виброплита обзор виброплита бензиновая,24-08-2023
912,виброплита бензиновая 50кг,24-08-2023
914,виброплита бензиновая ammann,24-08-2023
915,виброплита бензиновая honda,24-08-2023
918,виброплита бензиновая redverg rd 29155,24-08-2023
919,виброплита бензиновая для уплотнения грунта,24-08-2023
920,виброплита бензиновая ширина,24-08-2023
923,виброплита бензиновая wacker neuson,24-08-2023
924,виброплита бензиновая реверсивная,24-08-2023
926,виброплита бензиновая для укладки асфальта,24-08-2023
927,виброплита бензиновая в леруа мерлен,24-08-2023
928,виброплита бензиновая wacker neuson vp 1550aw,24-08-2023
931,виброплита бензиновая характеристики,24-08-2023
932,виброплита бензиновая elitech пвт 120бвл,24-08-2023
934,виброплита бензиновая применение,24-08-2023
935,виброплита бензиновая размеры,24-08-2023
938,виброплита бензиновая 160 кг,24-08-2023
939,виброплита бензиновая зиртек 60,24-08-2023
940,виброплита бензиновая tss vp80th,24-08-2023
941,виброплита бензиновая sturm pc8809dkw,24-08-2023
945,виброплита бензиновая 90кг,24-08-2023
946,виброплита бензиновая реверсивная wacker neuson bpu 2540a,24-08-2023
947,виброплита бензиновая huter,24-08-2023
949,виброплита бензиновая 100 кг,24-08-2023
951,виброплита бензиновая бу,24-08-2023
952,виброплита бензиновая diam,24-08-2023
955,виброплита бензиновая хонда gx 160,24-08-2023
960,виброплита бензиновая выбрать,24-08-2023
961,виброплита бензиновая vs 244 сплитстоун,24-08-2023
964,виброплита бензиновая габариты,24-08-2023
969,виброплита бензиновая окоф,24-08-2023
970,виброплита бензиновая patriot vt 50lb,24-08-2023
971,виброплита бензиновая в тюмени,24-08-2023
974,виброплита бензиновая pc8806dkw sturm,24-08-2023
977,виброплита бензиновая pc9045f,24-08-2023
979,виброплита бензиновая vs 244,24-08-2023
985,виброплита бензиновая патриот,24-08-2023
986,виброплита бензиновая лифан,24-08-2023
987,виброплита бензиновая или электрическая,24-08-2023
995,sturm виброплита бензиновая,24-08-2023
996,pc8806dkw виброплита бензиновая,24-08-2023
997,pc9750ft виброплита бензиновая champion,24-08-2023
998,pc9045f champion виброплита бензиновая,24-08-2023
1001,pc1050ft champion виброплита бензиновая,24-08-2023
1004,masalta msr90 4 виброплита бензиновая,24-08-2023
1007,champion виброплита бензиновая pc1050ft,24-08-2023
1008,champion виброплита бензиновая,24-08-2023
1012,champion pc1645rh виброплита бензиновая,24-08-2023
1013,champion pc8742f виброплита бензиновая,24-08-2023
1014,реверсивная виброплита бензиновая,24-08-2023
1016,обзор виброплита бензиновая,24-08-2023
1021,топ виброплита бензиновая,24-08-2023
1022,хонда виброплита бензиновая,24-08-2023
1023,шариковый пневматический вибратор,24-08-2023
1024,глубинный пневматический вибратор,24-08-2023
1025,поршневой пневматический вибратор,24-08-2023
1027,пневматический вибратор для бетона,24-08-2023
1028,пневматический вибратор шариковый,24-08-2023
1029,пневматический вибратор постоянного удара,24-08-2023
1030,пневматический вибратор вп 7,24-08-2023
1032,турбинный пневматический вибратор,24-08-2023
1033,профиль для виброрейки,24-08-2023
1034,алюминиевый профиль для виброрейки,24-08-2023
1036,электрический вибратор для бетона,24-08-2023
1038,электрический вибратор ив,24-08-2023
